CustomerID,Recency,Frequency,Monetary,R_Score,F_Score,M_Score,RFM_Class,Customer_Segment
CUST-1000,243,1,428.56,1,1,1,111,Hibernating / Lost
CUST-1001,12,6,1376.83,5,4,4,544,Champions
CUST-1002,48,5,1302.36,3,3,4,334,Loyal Customers
CUST-1003,30,6,995.9300000000001,4,4,3,443,Champions
CUST-1004,28,4,1239.26,4,2,4,424,Recent/New Customers
CUST-1005,37,4,692.24,4,2,2,422,Recent/New Customers
CUST-1006,215,2,486.08000000000004,1,1,1,111,Hibernating / Lost
CUST-1007,14,4,1260.12,5,2,4,524,Recent/New Customers
CUST-1008,108,6,1726.53,2,4,5,245,At Risk / Slipping
CUST-1009,125,1,119.36,1,1,1,111,Hibernating / Lost
CUST-1010,21,5,2412.41,4,3,5,435,Loyal Customers
CUST-1011,117,5,743.51,2,3,2,232,At Risk / Slipping
CUST-1012,100,3,530.06,2,1,1,211,Hibernating / Lost
CUST-1013,77,3,380.56,2,1,1,211,Hibernating / Lost
CUST-1014,41,7,999.04,4,5,3,453,Champions
CUST-1015,56,7,726.76,3,5,2,352,Loyal Customers
CUST-1016,26,9,2852.19,4,5,5,455,Champions
CUST-1017,33,7,910.4399999999999,4,5,3,453,Champions
CUST-1018,45,1,239.78,3,1,1,311,Hibernating / Lost
CUST-1019,61,4,940.6500000000001,3,2,3,323,Hibernating / Lost
CUST-1020,132,5,2013.7800000000002,1,3,5,135,At Risk / Slipping
CUST-1021,21,4,1048.61,4,2,3,423,Recent/New Customers
CUST-1022,35,5,1203.48,4,3,4,434,Loyal Customers
CUST-1023,43,6,1065.04,3,4,3,343,Loyal Customers
CUST-1024,95,5,992.37,2,3,3,233,At Risk / Slipping
CUST-1025,117,5,1903.94,2,3,5,235,At Risk / Slipping
CUST-1026,45,4,575.63,3,2,2,322,Hibernating / Lost
CUST-1027,99,4,780.26,2,2,2,222,Hibernating / Lost
CUST-1028,3,4,1806.31,5,2,5,525,Recent/New Customers
CUST-1029,48,3,774.26,3,1,2,312,Hibernating / Lost
CUST-1030,185,3,283.73,1,1,1,111,Hibernating / Lost
CUST-1031,87,5,1481.32,2,3,4,234,At Risk / Slipping
CUST-1032,10,3,948.3100000000001,5,1,3,513,Recent/New Customers
CUST-1033,52,5,1218.3,3,3,4,334,Loyal Customers
CUST-1034,75,3,552.9300000000001,2,1,1,211,Hibernating / Lost
CUST-1035,160,1,364.48,1,1,1,111,Hibernating / Lost
CUST-1036,148,3,573.9399999999999,1,1,2,112,Hibernating / Lost
CUST-1037,85,2,593.1,2,1,2,212,Hibernating / Lost
CUST-1038,103,7,1425.56,2,5,4,254,At Risk / Slipping
CUST-1039,172,2,182.82,1,1,1,111,Hibernating / Lost
CUST-1040,59,9,2371.12,3,5,5,355,Loyal Customers
CUST-1041,88,2,707.73,2,1,2,212,Hibernating / Lost
CUST-1042,49,3,600.02,3,1,2,312,Hibernating / Lost
CUST-1043,11,5,1073.4,5,3,3,533,Loyal Customers
CUST-1044,26,4,1335.28,4,2,4,424,Recent/New Customers
CUST-1045,70,3,535.6800000000001,3,1,1,311,Hibernating / Lost
CUST-1046,129,6,1196.52,1,4,4,144,At Risk / Slipping
CUST-1047,13,12,2735.82,5,5,5,555,Champions
CUST-1048,51,2,253.83999999999997,3,1,1,311,Hibernating / Lost
CUST-1049,44,4,734.61,3,2,2,322,Hibernating / Lost
CUST-1050,182,2,920.17,1,1,3,113,Hibernating / Lost
CUST-1051,7,5,1539.32,5,3,4,534,Loyal Customers
CUST-1052,16,7,998.77,5,5,3,553,Champions
CUST-1053,14,9,1581.32,5,5,4,554,Champions
CUST-1054,22,4,1354.15,4,2,4,424,Recent/New Customers
CUST-1057,108,5,1095.1200000000001,2,3,3,233,At Risk / Slipping
CUST-1058,12,9,1360.58,5,5,4,554,Champions
CUST-1059,15,2,471.12,5,1,1,511,Recent/New Customers
CUST-1060,136,3,764.9,1,1,2,112,Hibernating / Lost
CUST-1061,27,3,335.78,4,1,1,411,Recent/New Customers
CUST-1062,64,2,241.79,3,1,1,311,Hibernating / Lost
CUST-1063,18,3,587.05,5,1,2,512,Recent/New Customers
CUST-1064,86,3,344.14,2,1,1,211,Hibernating / Lost
CUST-1065,142,5,1003.76,1,3,3,133,At Risk / Slipping
CUST-1066,43,3,1007.14,3,1,3,313,Hibernating / Lost
CUST-1067,17,3,682.86,5,1,2,512,Recent/New Customers
CUST-1068,34,6,1519.0400000000002,4,4,4,444,Champions
CUST-1069,109,4,1286.55,2,2,4,224,Hibernating / Lost
CUST-1070,31,6,1237.3799999999999,4,4,4,444,Champions
CUST-1071,129,6,734.0699999999999,1,4,2,142,At Risk / Slipping
CUST-1072,85,2,600.25,2,1,2,212,Hibernating / Lost
CUST-1073,138,5,993.52,1,3,3,133,At Risk / Slipping
CUST-1075,40,6,2059.28,4,4,5,445,Champions
CUST-1076,12,6,1585.74,5,4,4,544,Champions
CUST-1077,157,2,1048.7,1,1,3,113,Hibernating / Lost
CUST-1078,79,4,1136.81,2,2,3,223,Hibernating / Lost
CUST-1079,67,8,2142.0,3,5,5,355,Loyal Customers
CUST-1080,10,5,1152.15,5,3,3,533,Loyal Customers
CUST-1081,103,1,528.5,2,1,1,211,Hibernating / Lost
CUST-1082,167,3,689.42,1,1,2,112,Hibernating / Lost
CUST-1083,74,3,398.37,3,1,1,311,Hibernating / Lost
CUST-1084,15,6,1047.07,5,4,3,543,Champions
CUST-1085,134,5,1031.0800000000002,1,3,3,133,At Risk / Slipping
CUST-1086,53,5,1868.9799999999998,3,3,5,335,Loyal Customers
CUST-1087,2,5,918.86,5,3,3,533,Loyal Customers
CUST-1088,37,8,2183.88,4,5,5,455,Champions
CUST-1089,11,5,878.1999999999999,5,3,3,533,Loyal Customers
CUST-1090,87,4,952.1700000000001,2,2,3,223,Hibernating / Lost
CUST-1091,82,5,1290.26,2,3,4,234,At Risk / Slipping
CUST-1092,45,3,973.8199999999999,3,1,3,313,Hibernating / Lost
CUST-1093,42,7,1866.04,3,5,5,355,Loyal Customers
CUST-1094,88,7,2270.99,2,5,5,255,At Risk / Slipping
CUST-1095,32,4,1567.6799999999998,4,2,4,424,Recent/New Customers
CUST-1096,33,8,1790.42,4,5,5,455,Champions
CUST-1097,25,5,822.0899999999999,4,3,2,432,Loyal Customers
CUST-1098,62,4,796.17,3,2,2,322,Hibernating / Lost
CUST-1099,156,3,412.52,1,1,1,111,Hibernating / Lost
CUST-1100,61,2,535.23,3,1,1,311,Hibernating / Lost
CUST-1101,13,6,1275.45,5,4,4,544,Champions
CUST-1102,9,6,1157.04,5,4,3,543,Champions
CUST-1103,46,6,1288.86,3,4,4,344,Loyal Customers
CUST-1104,87,2,396.85,2,1,1,211,Hibernating / Lost
CUST-1105,67,6,1231.12,3,4,4,344,Loyal Customers
CUST-1106,6,6,1152.67,5,4,3,543,Champions
CUST-1107,8,7,1035.14,5,5,3,553,Champions
CUST-1108,54,8,2099.62,3,5,5,355,Loyal Customers
CUST-1109,11,3,554.79,5,1,1,511,Recent/New Customers
CUST-1110,33,13,2765.46,4,5,5,455,Champions
CUST-1111,91,1,125.96,2,1,1,211,Hibernating / Lost
CUST-1112,2,4,612.25,5,2,2,522,Recent/New Customers
CUST-1113,45,4,923.51,3,2,3,323,Hibernating / Lost
CUST-1114,25,3,615.7,4,1,2,412,Recent/New Customers
CUST-1115,152,4,1391.5,1,2,4,124,Hibernating / Lost
CUST-1116,18,3,546.24,5,1,1,511,Recent/New Customers
CUST-1117,4,6,2501.29,5,4,5,545,Champions
CUST-1118,114,3,643.78,2,1,2,212,Hibernating / Lost
CUST-1119,52,5,1287.49,3,3,4,334,Loyal Customers
CUST-1120,31,5,1250.88,4,3,4,434,Loyal Customers
CUST-1121,193,4,771.62,1,2,2,122,Hibernating / Lost
CUST-1122,112,3,1112.17,2,1,3,213,Hibernating / Lost
CUST-1123,34,3,150.78,4,1,1,411,Recent/New Customers
CUST-1124,15,6,1830.6599999999999,5,4,5,545,Champions
CUST-1125,76,4,1223.18,2,2,4,224,Hibernating / Lost
CUST-1126,24,1,351.44,4,1,1,411,Recent/New Customers
CUST-1127,28,4,998.0899999999999,4,2,3,423,Recent/New Customers
CUST-1128,69,6,937.03,3,4,3,343,Loyal Customers
CUST-1129,4,6,1615.05,5,4,4,544,Champions
CUST-1130,48,7,837.63,3,5,2,352,Loyal Customers
CUST-1131,77,5,1134.1200000000001,2,3,3,233,At Risk / Slipping
CUST-1132,44,5,1160.06,3,3,3,333,Loyal Customers
CUST-1133,20,5,570.1999999999999,4,3,2,432,Loyal Customers
CUST-1134,191,3,704.8900000000001,1,1,2,112,Hibernating / Lost
CUST-1135,35,4,797.6,4,2,2,422,Recent/New Customers
CUST-1136,13,3,316.19,5,1,1,511,Recent/New Customers
CUST-1137,208,2,460.9,1,1,1,111,Hibernating / Lost
CUST-1138,255,2,354.41999999999996,1,1,1,111,Hibernating / Lost
CUST-1139,91,5,1729.6499999999999,2,3,5,235,At Risk / Slipping
CUST-1140,63,4,471.65999999999997,3,2,1,321,Hibernating / Lost
CUST-1141,317,1,272.04,1,1,1,111,Hibernating / Lost
CUST-1142,37,6,1305.37,4,4,4,444,Champions
CUST-1143,132,4,972.0999999999999,1,2,3,123,Hibernating / Lost
CUST-1144,30,6,1718.08,4,4,5,445,Champions
CUST-1145,14,7,1727.06,5,5,5,555,Champions
CUST-1146,131,4,1522.53,1,2,4,124,Hibernating / Lost
CUST-1147,266,1,597.6,1,1,2,112,Hibernating / Lost
CUST-1148,26,4,1195.1,4,2,4,424,Recent/New Customers
CUST-1149,22,5,1835.8700000000001,4,3,5,435,Loyal Customers
CUST-1150,41,7,2047.97,4,5,5,455,Champions
CUST-1151,32,8,2258.3,4,5,5,455,Champions
CUST-1152,14,8,1872.44,5,5,5,555,Champions
CUST-1153,2,6,1532.19,5,4,4,544,Champions
CUST-1154,29,6,1959.6399999999999,4,4,5,445,Champions
CUST-1155,117,3,1610.2,2,1,4,214,Hibernating / Lost
CUST-1156,360,1,222.4,1,1,1,111,Hibernating / Lost
CUST-1157,10,2,753.9100000000001,5,1,2,512,Recent/New Customers
CUST-1158,7,6,1289.6999999999998,5,4,4,544,Champions
CUST-1159,57,5,797.31,3,3,2,332,Loyal Customers
CUST-1160,236,4,919.27,1,2,3,123,Hibernating / Lost
CUST-1161,201,3,1312.75,1,1,4,114,Hibernating / Lost
CUST-1162,24,3,1187.7,4,1,4,414,Recent/New Customers
CUST-1163,96,2,330.14,2,1,1,211,Hibernating / Lost
CUST-1164,110,3,758.6500000000001,2,1,2,212,Hibernating / Lost
CUST-1165,90,5,3017.2,2,3,5,235,At Risk / Slipping
CUST-1166,86,4,1559.5,2,2,4,224,Hibernating / Lost
CUST-1167,76,5,627.65,2,3,2,232,At Risk / Slipping
CUST-1168,188,3,576.1600000000001,1,1,2,112,Hibernating / Lost
CUST-1169,21,9,1921.48,4,5,5,455,Champions
CUST-1170,13,10,3835.87,5,5,5,555,Champions
CUST-1171,4,4,971.04,5,2,3,523,Recent/New Customers
CUST-1172,258,1,113.31,1,1,1,111,Hibernating / Lost
CUST-1173,7,5,360.96999999999997,5,3,1,531,Loyal Customers
CUST-1174,64,8,1287.62,3,5,4,354,Loyal Customers
CUST-1175,119,4,356.22,2,2,1,221,Hibernating / Lost
CUST-1176,64,2,279.81,3,1,1,311,Hibernating / Lost
CUST-1177,3,5,1732.53,5,3,5,535,Loyal Customers
CUST-1178,181,3,770.4,1,1,2,112,Hibernating / Lost
CUST-1179,146,2,637.5,1,1,2,112,Hibernating / Lost
CUST-1180,121,3,564.22,1,1,1,111,Hibernating / Lost
CUST-1181,34,4,1407.05,4,2,4,424,Recent/New Customers
CUST-1182,27,3,597.16,4,1,2,412,Recent/New Customers
CUST-1183,80,2,368.31,2,1,1,211,Hibernating / Lost
CUST-1184,47,5,973.8999999999999,3,3,3,333,Loyal Customers
CUST-1185,96,5,1362.47,2,3,4,234,At Risk / Slipping
CUST-1186,63,5,1082.4,3,3,3,333,Loyal Customers
CUST-1187,60,5,1044.0700000000002,3,3,3,333,Loyal Customers
CUST-1188,144,2,336.11,1,1,1,111,Hibernating / Lost
CUST-1189,41,3,560.79,4,1,1,411,Recent/New Customers
CUST-1190,23,7,2432.83,4,5,5,455,Champions
CUST-1191,176,4,1015.58,1,2,3,123,Hibernating / Lost
CUST-1192,83,7,1540.11,2,5,4,254,At Risk / Slipping
CUST-1193,9,6,1739.0400000000002,5,4,5,545,Champions
CUST-1194,86,7,1745.27,2,5,5,255,At Risk / Slipping
CUST-1195,106,4,1217.18,2,2,4,224,Hibernating / Lost
CUST-1196,26,5,886.14,4,3,3,433,Loyal Customers
CUST-1197,14,6,1624.56,5,4,5,545,Champions
CUST-1198,278,1,354.45,1,1,1,111,Hibernating / Lost
CUST-1199,65,5,376.66,3,3,1,331,Loyal Customers
CUST-1200,15,5,1047.71,5,3,3,533,Loyal Customers
CUST-1201,57,4,1208.0300000000002,3,2,4,324,Hibernating / Lost
CUST-1202,150,7,753.79,1,5,2,152,At Risk / Slipping
CUST-1203,13,6,1476.9099999999999,5,4,4,544,Champions
CUST-1204,11,6,1514.03,5,4,4,544,Champions
CUST-1205,105,3,717.24,2,1,2,212,Hibernating / Lost
CUST-1206,23,4,520.8,4,2,1,421,Recent/New Customers
CUST-1207,12,8,2511.83,5,5,5,555,Champions
CUST-1208,3,6,454.20000000000005,5,4,1,541,Champions
CUST-1210,131,4,701.75,1,2,2,122,Hibernating / Lost
CUST-1211,3,6,1441.82,5,4,4,544,Champions
CUST-1212,83,1,583.8,2,1,2,212,Hibernating / Lost
CUST-1213,3,3,1057.69,5,1,3,513,Recent/New Customers
CUST-1214,33,3,792.75,4,1,2,412,Recent/New Customers
CUST-1215,90,6,1736.75,2,4,5,245,At Risk / Slipping
CUST-1216,146,2,449.6,1,1,1,111,Hibernating / Lost
CUST-1217,39,11,3085.98,4,5,5,455,Champions
CUST-1218,364,1,433.71,1,1,1,111,Hibernating / Lost
CUST-1219,31,5,945.48,4,3,3,433,Loyal Customers
CUST-1220,36,4,978.85,4,2,3,423,Recent/New Customers
CUST-1221,170,3,81.74,1,1,1,111,Hibernating / Lost
CUST-1222,34,10,2783.2,4,5,5,455,Champions
CUST-1223,2,7,2019.13,5,5,5,555,Champions
CUST-1224,131,3,623.56,1,1,2,112,Hibernating / Lost
CUST-1225,38,5,1142.62,4,3,3,433,Loyal Customers
CUST-1226,34,4,1033.1,4,2,3,423,Recent/New Customers
CUST-1227,18,5,1225.65,5,3,4,534,Loyal Customers
CUST-1228,189,4,509.04,1,2,1,121,Hibernating / Lost
CUST-1229,96,7,1961.11,2,5,5,255,At Risk / Slipping
CUST-1230,54,4,1052.76,3,2,3,323,Hibernating / Lost
CUST-1231,14,4,722.9499999999999,5,2,2,522,Recent/New Customers
CUST-1232,39,4,1239.52,4,2,4,424,Recent/New Customers
CUST-1233,19,3,575.14,4,1,2,412,Recent/New Customers
CUST-1234,211,4,2091.5,1,2,5,125,Hibernating / Lost
CUST-1235,17,5,1421.47,5,3,4,534,Loyal Customers
CUST-1236,104,2,889.19,2,1,3,213,Hibernating / Lost
CUST-1237,5,5,734.28,5,3,2,532,Loyal Customers
CUST-1238,58,5,1201.39,3,3,4,334,Loyal Customers
CUST-1239,101,3,641.6299999999999,2,1,2,212,Hibernating / Lost
CUST-1240,51,2,98.66999999999999,3,1,1,311,Hibernating / Lost
CUST-1241,101,5,1619.12,2,3,4,234,At Risk / Slipping
CUST-1242,42,4,871.3199999999999,3,2,3,323,Hibernating / Lost
CUST-1243,190,2,656.53,1,1,2,112,Hibernating / Lost
CUST-1244,26,4,413.53,4,2,1,421,Recent/New Customers
CUST-1245,88,9,2151.87,2,5,5,255,At Risk / Slipping
CUST-1246,96,1,133.47,2,1,1,211,Hibernating / Lost
CUST-1248,12,6,1583.2699999999998,5,4,4,544,Champions
CUST-1249,38,6,1282.0800000000002,4,4,4,444,Champions
CUST-1250,60,4,650.75,3,2,2,322,Hibernating / Lost
CUST-1251,23,6,2057.2,4,4,5,445,Champions
CUST-1252,47,2,153.76,3,1,1,311,Hibernating / Lost
CUST-1253,35,5,1005.8,4,3,3,433,Loyal Customers
CUST-1254,7,5,840.06,5,3,2,532,Loyal Customers
CUST-1255,6,5,1707.69,5,3,5,535,Loyal Customers
CUST-1257,290,1,39.35,1,1,1,111,Hibernating / Lost
CUST-1258,82,5,1280.92,2,3,4,234,At Risk / Slipping
CUST-1259,103,4,1122.16,2,2,3,223,Hibernating / Lost
CUST-1260,54,6,1140.95,3,4,3,343,Loyal Customers
CUST-1261,297,3,941.0400000000001,1,1,3,113,Hibernating / Lost
CUST-1262,94,4,577.5,2,2,2,222,Hibernating / Lost
CUST-1263,21,6,1097.08,4,4,3,443,Champions
CUST-1264,3,4,551.12,5,2,1,521,Recent/New Customers
CUST-1265,9,4,603.15,5,2,2,522,Recent/New Customers
CUST-1266,7,7,1371.68,5,5,4,554,Champions
CUST-1267,39,6,1732.0800000000002,4,4,5,445,Champions
CUST-1268,92,5,806.24,2,3,2,232,At Risk / Slipping
CUST-1269,48,4,1028.3899999999999,3,2,3,323,Hibernating / Lost
CUST-1270,51,7,1827.57,3,5,5,355,Loyal Customers
CUST-1271,197,5,1819.0,1,3,5,135,At Risk / Slipping
CUST-1272,55,7,2502.81,3,5,5,355,Loyal Customers
CUST-1273,69,6,1430.54,3,4,4,344,Loyal Customers
CUST-1274,124,4,794.1500000000001,1,2,2,122,Hibernating / Lost
CUST-1275,54,7,2041.31,3,5,5,355,Loyal Customers
CUST-1276,21,8,2317.6,4,5,5,455,Champions
CUST-1277,27,8,2587.5699999999997,4,5,5,455,Champions
CUST-1278,10,5,916.38,5,3,3,533,Loyal Customers
CUST-1279,9,9,2762.66,5,5,5,555,Champions
CUST-1280,28,4,487.66,4,2,1,421,Recent/New Customers
CUST-1281,27,6,1359.29,4,4,4,444,Champions
CUST-1282,19,4,1120.24,4,2,3,423,Recent/New Customers
CUST-1283,18,6,1183.8400000000001,5,4,4,544,Champions
CUST-1284,137,2,749.95,1,1,2,112,Hibernating / Lost
CUST-1285,85,4,753.1099999999999,2,2,2,222,Hibernating / Lost
CUST-1286,84,3,1127.4,2,1,3,213,Hibernating / Lost
CUST-1287,12,6,1322.55,5,4,4,544,Champions
CUST-1288,145,3,851.58,1,1,3,113,Hibernating / Lost
CUST-1289,17,5,1512.6100000000001,5,3,4,534,Loyal Customers
CUST-1290,13,7,1083.8,5,5,3,553,Champions
CUST-1291,30,3,1115.06,4,1,3,413,Recent/New Customers
CUST-1292,16,5,1287.0900000000001,5,3,4,534,Loyal Customers
CUST-1293,83,2,721.37,2,1,2,212,Hibernating / Lost
CUST-1294,62,10,1733.8,3,5,5,355,Loyal Customers
CUST-1295,140,3,905.86,1,2,3,123,Hibernating / Lost
CUST-1296,66,2,738.76,3,1,2,312,Hibernating / Lost
CUST-1297,11,5,848.99,5,3,3,533,Loyal Customers
CUST-1298,16,5,590.3,5,3,2,532,Loyal Customers
CUST-1299,9,6,1957.04,5,4,5,545,Champions
CUST-1300,43,3,825.04,3,2,2,322,Hibernating / Lost
CUST-1301,189,2,283.22,1,1,1,111,Hibernating / Lost
CUST-1302,17,11,3950.2,5,5,5,555,Champions
CUST-1303,260,1,46.96,1,1,1,111,Hibernating / Lost
CUST-1305,101,7,2016.9199999999998,2,5,5,255,At Risk / Slipping
CUST-1306,93,3,728.78,2,2,2,222,Hibernating / Lost
CUST-1307,22,5,1233.27,4,3,4,434,Loyal Customers
CUST-1308,17,4,761.87,5,2,2,522,Recent/New Customers
CUST-1309,125,4,579.54,1,2,2,122,Hibernating / Lost
CUST-1310,6,6,1570.48,5,4,4,544,Champions
CUST-1311,28,9,2443.4,4,5,5,455,Champions
CUST-1312,288,2,648.75,1,1,2,112,Hibernating / Lost
CUST-1313,17,6,1137.27,5,4,3,543,Champions
CUST-1314,81,2,755.51,2,1,2,212,Hibernating / Lost
CUST-1315,12,9,2335.57,5,5,5,555,Champions
CUST-1316,55,7,1677.9499999999998,3,5,5,355,Loyal Customers
CUST-1317,116,2,401.88,2,1,1,211,Hibernating / Lost
CUST-1318,120,6,2296.31,2,4,5,245,At Risk / Slipping
CUST-1319,61,3,589.0300000000001,3,2,2,322,Hibernating / Lost
CUST-1320,12,6,1465.15,5,4,4,544,Champions
CUST-1321,26,2,356.41999999999996,4,1,1,411,Recent/New Customers
CUST-1322,10,4,724.79,5,2,2,522,Recent/New Customers
CUST-1323,47,2,457.38,3,1,1,311,Hibernating / Lost
CUST-1324,44,8,2520.85,3,5,5,355,Loyal Customers
CUST-1325,27,2,1012.78,4,1,3,413,Recent/New Customers
CUST-1326,36,3,1090.08,4,2,3,423,Recent/New Customers
CUST-1327,198,5,1031.36,1,3,3,133,At Risk / Slipping
CUST-1328,213,3,245.69,1,2,1,121,Hibernating / Lost
CUST-1329,53,7,2058.86,3,5,5,355,Loyal Customers
CUST-1330,64,4,789.39,3,2,2,322,Hibernating / Lost
CUST-1331,54,6,1092.42,3,4,3,343,Loyal Customers
CUST-1332,4,10,1830.29,5,5,5,555,Champions
CUST-1333,98,4,1322.06,2,2,4,224,Hibernating / Lost
CUST-1334,170,1,281.34,1,1,1,111,Hibernating / Lost
CUST-1335,94,2,470.47999999999996,2,1,1,211,Hibernating / Lost
CUST-1336,227,3,510.13,1,2,1,121,Hibernating / Lost
CUST-1337,11,3,830.03,5,2,2,522,Recent/New Customers
CUST-1338,92,5,1365.51,2,3,4,234,At Risk / Slipping
CUST-1339,88,3,943.5999999999999,2,2,3,223,Hibernating / Lost
CUST-1340,40,6,1690.09,4,4,5,445,Champions
CUST-1341,68,5,1522.5900000000001,3,3,4,334,Loyal Customers
CUST-1342,1,8,1877.26,5,5,5,555,Champions
CUST-1343,2,9,1546.95,5,5,4,554,Champions
CUST-1344,13,4,1545.58,5,2,4,524,Recent/New Customers
CUST-1345,44,14,1862.76,3,5,5,355,Loyal Customers
CUST-1346,20,3,286.7,4,2,1,421,Recent/New Customers
CUST-1347,39,6,1173.28,4,4,4,444,Champions
CUST-1348,41,9,2196.65,4,5,5,455,Champions
CUST-1349,104,7,2150.31,2,5,5,255,At Risk / Slipping
CUST-1350,39,9,2478.91,4,5,5,455,Champions
CUST-1351,12,6,2495.4500000000003,5,4,5,545,Champions
CUST-1352,128,3,458.21999999999997,1,2,1,121,Hibernating / Lost
CUST-1353,21,4,1022.11,4,2,3,423,Recent/New Customers
CUST-1354,83,3,918.18,2,2,3,223,Hibernating / Lost
CUST-1355,246,2,733.1199999999999,1,1,2,112,Hibernating / Lost
CUST-1356,112,2,168.35,2,1,1,211,Hibernating / Lost
CUST-1357,173,4,536.0799999999999,1,2,1,121,Hibernating / Lost
CUST-1358,94,5,1540.8000000000002,2,3,4,234,At Risk / Slipping
CUST-1359,192,4,943.31,1,2,3,123,Hibernating / Lost
CUST-1360,178,6,1506.1799999999998,1,4,4,144,At Risk / Slipping
CUST-1361,4,5,539.88,5,3,1,531,Loyal Customers
CUST-1362,12,11,2276.84,5,5,5,555,Champions
CUST-1363,21,4,1053.8,4,2,3,423,Recent/New Customers
CUST-1364,18,3,1510.28,5,2,4,524,Recent/New Customers
CUST-1365,119,4,1084.27,2,2,3,223,Hibernating / Lost
CUST-1366,47,4,202.36,3,2,1,321,Hibernating / Lost
CUST-1367,41,4,750.02,4,2,2,422,Recent/New Customers
CUST-1368,38,3,854.1000000000001,4,2,3,423,Recent/New Customers
CUST-1369,76,6,891.39,2,4,3,243,At Risk / Slipping
CUST-1370,4,7,1372.48,5,5,4,554,Champions
CUST-1371,33,8,2145.21,4,5,5,455,Champions
CUST-1372,126,4,1565.98,1,2,4,124,Hibernating / Lost
CUST-1373,18,5,2267.8,5,3,5,535,Loyal Customers
CUST-1374,239,1,403.7,1,1,1,111,Hibernating / Lost
CUST-1375,40,4,1490.2,4,2,4,424,Recent/New Customers
CUST-1376,14,3,687.24,5,2,2,522,Recent/New Customers
CUST-1377,61,5,1405.26,3,3,4,334,Loyal Customers
CUST-1378,93,5,1023.62,2,3,3,233,At Risk / Slipping
CUST-1379,175,2,486.12,1,1,1,111,Hibernating / Lost
CUST-1380,152,4,772.2,1,2,2,122,Hibernating / Lost
CUST-1381,9,7,1810.4,5,5,5,555,Champions
CUST-1382,41,6,1341.18,4,4,4,444,Champions
CUST-1383,97,5,888.3,2,3,3,233,At Risk / Slipping
CUST-1384,11,4,1146.6,5,2,3,523,Recent/New Customers
CUST-1385,23,5,932.5,4,3,3,433,Loyal Customers
CUST-1386,11,7,1555.4099999999999,5,5,4,554,Champions
CUST-1387,39,10,3260.1,4,5,5,455,Champions
CUST-1388,35,4,842.45,4,2,2,422,Recent/New Customers
CUST-1389,141,4,394.67999999999995,1,2,1,121,Hibernating / Lost
CUST-1390,9,5,1582.58,5,3,4,534,Loyal Customers
CUST-1391,4,5,1953.2,5,3,5,535,Loyal Customers
CUST-1392,86,3,944.5600000000001,2,2,3,223,Hibernating / Lost
CUST-1393,62,4,2004.8,3,2,5,325,Hibernating / Lost
CUST-1394,22,8,1507.67,4,5,4,454,Champions
CUST-1395,139,5,1495.94,1,3,4,134,At Risk / Slipping
CUST-1396,54,7,1262.28,3,5,4,354,Loyal Customers
CUST-1397,26,8,1974.69,4,5,5,455,Champions
CUST-1398,139,4,839.72,1,2,2,122,Hibernating / Lost
CUST-1399,55,5,716.04,3,3,2,332,Loyal Customers
CUST-1400,6,4,706.08,5,2,2,522,Recent/New Customers
CUST-1401,29,8,2565.38,4,5,5,455,Champions
CUST-1402,56,12,2238.2,3,5,5,355,Loyal Customers
CUST-1403,109,3,406.27,2,2,1,221,Hibernating / Lost
CUST-1404,42,5,1604.08,3,3,4,334,Loyal Customers
CUST-1405,15,7,2130.64,5,5,5,555,Champions
CUST-1406,43,7,1581.03,3,5,4,354,Loyal Customers
CUST-1407,13,6,733.38,5,4,2,542,Champions
CUST-1408,84,4,1746.7,2,2,5,225,Hibernating / Lost
CUST-1409,10,7,1739.03,5,5,5,555,Champions
CUST-1410,107,2,336.33000000000004,2,1,1,211,Hibernating / Lost
CUST-1411,22,8,1505.6399999999999,4,5,4,454,Champions
CUST-1412,77,7,2295.79,2,5,5,255,At Risk / Slipping
CUST-1413,56,5,2175.77,3,3,5,335,Loyal Customers
CUST-1414,65,8,1856.3600000000001,3,5,5,355,Loyal Customers
CUST-1415,15,4,884.3299999999999,5,2,3,523,Recent/New Customers
CUST-1416,350,2,152.36,1,1,1,111,Hibernating / Lost
CUST-1417,12,6,2000.8899999999999,5,4,5,545,Champions
CUST-1418,65,7,1000.85,3,5,3,353,Loyal Customers
CUST-1419,31,9,3157.78,4,5,5,455,Champions
CUST-1420,183,3,699.9300000000001,1,2,2,122,Hibernating / Lost
CUST-1421,99,5,1021.89,2,3,3,233,At Risk / Slipping
CUST-1422,32,4,778.52,4,2,2,422,Recent/New Customers
CUST-1423,76,2,514.5799999999999,2,1,1,211,Hibernating / Lost
CUST-1424,30,6,1959.88,4,4,5,445,Champions
CUST-1425,4,9,1892.6000000000001,5,5,5,555,Champions
CUST-1426,55,9,2230.2,3,5,5,355,Loyal Customers
CUST-1427,13,4,884.29,5,2,3,523,Recent/New Customers
CUST-1428,13,8,1488.76,5,5,4,554,Champions
CUST-1429,69,5,667.6600000000001,3,3,2,332,Loyal Customers
CUST-1430,74,3,667.1600000000001,3,2,2,322,Hibernating / Lost
CUST-1431,8,5,1535.79,5,3,4,534,Loyal Customers
CUST-1432,44,5,1081.26,3,3,3,333,Loyal Customers
CUST-1433,75,5,482.64,2,3,1,231,At Risk / Slipping
CUST-1434,44,6,1969.22,3,4,5,345,Loyal Customers
CUST-1435,55,4,658.03,3,2,2,322,Hibernating / Lost
CUST-1436,162,5,1209.73,1,3,4,134,At Risk / Slipping
CUST-1437,77,6,788.97,2,4,2,242,At Risk / Slipping
CUST-1438,18,4,886.81,5,2,3,523,Recent/New Customers
CUST-1439,35,2,469.79,4,1,1,411,Recent/New Customers
CUST-1440,39,5,1051.47,4,3,3,433,Loyal Customers
CUST-1441,112,3,915.96,2,2,3,223,Hibernating / Lost
CUST-1442,166,2,973.84,1,1,3,113,Hibernating / Lost
CUST-1443,99,2,812.6700000000001,2,1,2,212,Hibernating / Lost
CUST-1444,71,5,1061.47,3,3,3,333,Loyal Customers
CUST-1445,154,4,1137.02,1,2,3,123,Hibernating / Lost
CUST-1446,111,4,1180.03,2,2,4,224,Hibernating / Lost
CUST-1447,4,5,908.43,5,3,3,533,Loyal Customers
CUST-1448,16,8,2264.4,5,5,5,555,Champions
CUST-1449,148,2,477.78999999999996,1,1,1,111,Hibernating / Lost
CUST-1450,52,6,1791.05,3,4,5,345,Loyal Customers
CUST-1451,90,10,2505.48,2,5,5,255,At Risk / Slipping
CUST-1452,212,3,330.74,1,2,1,121,Hibernating / Lost
CUST-1453,5,5,939.04,5,3,3,533,Loyal Customers
CUST-1454,96,4,1227.38,2,2,4,224,Hibernating / Lost
CUST-1455,89,5,1100.77,2,3,3,233,At Risk / Slipping
CUST-1456,29,8,880.63,4,5,3,453,Champions
CUST-1457,1,3,904.47,5,2,3,523,Recent/New Customers
CUST-1458,16,4,895.25,5,2,3,523,Recent/New Customers
CUST-1459,105,2,309.2,2,1,1,211,Hibernating / Lost
CUST-1461,99,6,1665.54,2,4,5,245,At Risk / Slipping
CUST-1462,38,7,1457.7,4,5,4,454,Champions
CUST-1463,104,3,399.57000000000005,2,2,1,221,Hibernating / Lost
CUST-1464,64,4,879.37,3,2,3,323,Hibernating / Lost
CUST-1465,152,5,1192.74,1,3,4,134,At Risk / Slipping
CUST-1466,51,3,437.58000000000004,3,2,1,321,Hibernating / Lost
CUST-1467,4,2,225.77,5,1,1,511,Recent/New Customers
CUST-1468,192,2,537.14,1,1,1,111,Hibernating / Lost
CUST-1469,153,4,1286.26,1,3,4,134,At Risk / Slipping
CUST-1470,98,7,1850.8799999999999,2,5,5,255,At Risk / Slipping
CUST-1471,6,6,1561.51,5,4,4,544,Champions
CUST-1472,81,6,2519.18,2,4,5,245,At Risk / Slipping
CUST-1473,10,6,1757.6999999999998,5,4,5,545,Champions
CUST-1474,22,7,1621.54,4,5,5,455,Champions
CUST-1475,168,3,675.66,1,2,2,122,Hibernating / Lost
CUST-1476,10,2,457.58,5,1,1,511,Recent/New Customers
CUST-1477,21,4,1326.35,4,3,4,434,Loyal Customers
CUST-1478,36,4,767.09,4,3,2,432,Loyal Customers
CUST-1479,313,1,130.16,1,1,1,111,Hibernating / Lost
CUST-1480,8,6,1621.1,5,4,5,545,Champions
CUST-1481,119,4,825.5799999999999,2,3,2,232,At Risk / Slipping
CUST-1482,169,3,238.45,1,2,1,121,Hibernating / Lost
CUST-1483,67,4,840.36,3,3,2,332,Loyal Customers
CUST-1484,357,1,75.38,1,1,1,111,Hibernating / Lost
CUST-1485,24,3,527.3,4,2,1,421,Recent/New Customers
CUST-1487,1,7,1019.69,5,5,3,553,Champions
CUST-1488,8,6,1104.68,5,4,3,543,Champions
CUST-1489,78,5,1238.9099999999999,2,3,4,234,At Risk / Slipping
CUST-1490,4,5,1189.81,5,3,4,534,Loyal Customers
CUST-1491,238,5,1099.55,1,3,3,133,At Risk / Slipping
CUST-1492,27,9,2634.94,4,5,5,455,Champions
CUST-1493,44,2,689.23,3,1,2,312,Hibernating / Lost
CUST-1494,156,5,592.54,1,3,2,132,At Risk / Slipping
CUST-1495,51,5,1053.91,3,3,3,333,Loyal Customers
CUST-1496,81,3,609.9,2,2,2,222,Hibernating / Lost
CUST-1498,71,7,1942.25,3,5,5,355,Loyal Customers
CUST-1499,7,6,1214.6,5,4,4,544,Champions
CUST-1500,70,5,1051.9,3,3,3,333,Loyal Customers
CUST-1501,103,2,598.5699999999999,2,1,2,212,Hibernating / Lost
CUST-1502,88,5,908.86,2,3,3,233,At Risk / Slipping
CUST-1503,50,7,1091.62,3,5,3,353,Loyal Customers
CUST-1504,85,4,744.67,2,3,2,232,At Risk / Slipping
CUST-1505,49,7,2371.1800000000003,3,5,5,355,Loyal Customers
CUST-1506,47,4,1293.5,3,3,4,334,Loyal Customers
CUST-1507,72,6,1467.56,3,4,4,344,Loyal Customers
CUST-1508,51,3,662.99,3,2,2,322,Hibernating / Lost
CUST-1509,30,5,786.1800000000001,4,3,2,432,Loyal Customers
CUST-1510,153,1,328.35,1,1,1,111,Hibernating / Lost
CUST-1511,12,5,879.14,5,4,3,543,Champions
CUST-1512,49,8,2057.31,3,5,5,355,Loyal Customers
CUST-1513,63,6,979.1700000000001,3,4,3,343,Loyal Customers
CUST-1514,259,3,976.12,1,2,3,123,Hibernating / Lost
CUST-1515,106,3,369.34,2,2,1,221,Hibernating / Lost
CUST-1516,1,3,723.63,5,2,2,522,Recent/New Customers
CUST-1517,68,6,983.3100000000001,3,4,3,343,Loyal Customers
CUST-1518,1,4,1049.54,5,3,3,533,Loyal Customers
CUST-1519,144,6,1817.95,1,4,5,145,At Risk / Slipping
CUST-1520,104,1,263.95,2,1,1,211,Hibernating / Lost
CUST-1521,190,4,864.01,1,3,3,133,At Risk / Slipping
CUST-1522,162,4,650.13,1,3,2,132,At Risk / Slipping
CUST-1523,43,10,2241.7400000000002,3,5,5,355,Loyal Customers
CUST-1524,217,1,65.3,1,1,1,111,Hibernating / Lost
CUST-1525,69,5,1543.55,3,4,4,344,Loyal Customers
CUST-1526,23,3,243.74,4,2,1,421,Recent/New Customers
CUST-1527,142,5,840.22,1,4,2,142,At Risk / Slipping
CUST-1528,113,4,662.0,2,3,2,232,At Risk / Slipping
CUST-1529,100,8,2436.83,2,5,5,255,At Risk / Slipping
CUST-1530,162,2,576.64,1,1,2,112,Hibernating / Lost
CUST-1531,17,3,612.1700000000001,5,2,2,522,Recent/New Customers
CUST-1532,85,3,720.48,2,2,2,222,Hibernating / Lost
CUST-1533,210,4,875.11,1,3,3,133,At Risk / Slipping
CUST-1534,159,1,453.0,1,1,1,111,Hibernating / Lost
CUST-1535,120,5,989.54,2,4,3,243,At Risk / Slipping
CUST-1536,136,7,1174.93,1,5,4,154,At Risk / Slipping
CUST-1537,45,4,1073.16,3,3,3,333,Loyal Customers
CUST-1538,51,7,1372.83,3,5,4,354,Loyal Customers
CUST-1539,6,7,2666.16,5,5,5,555,Champions
CUST-1540,72,4,701.65,3,3,2,332,Loyal Customers
CUST-1541,108,6,806.4,2,4,2,242,At Risk / Slipping
CUST-1542,127,5,1169.07,1,4,4,144,At Risk / Slipping
CUST-1543,12,5,1385.4499999999998,5,4,4,544,Champions
CUST-1544,116,5,1678.44,2,4,5,245,At Risk / Slipping
CUST-1545,33,2,1038.53,4,1,3,413,Recent/New Customers
CUST-1546,14,6,1238.33,5,4,4,544,Champions
CUST-1547,93,4,1240.0,2,3,4,234,At Risk / Slipping
CUST-1548,170,3,823.98,1,2,2,122,Hibernating / Lost
CUST-1549,18,9,1510.43,5,5,4,554,Champions
CUST-1550,24,3,605.7,4,2,2,422,Recent/New Customers
CUST-1551,87,6,1698.04,2,4,5,245,At Risk / Slipping
CUST-1552,124,6,1489.06,1,4,4,144,At Risk / Slipping
CUST-1553,21,7,1284.08,4,5,4,454,Champions
CUST-1554,142,2,636.75,1,1,2,112,Hibernating / Lost
CUST-1555,13,3,281.35,5,2,1,521,Recent/New Customers
CUST-1556,76,4,714.03,2,3,2,232,At Risk / Slipping
CUST-1557,50,2,227.72,3,1,1,311,Hibernating / Lost
CUST-1558,39,5,1317.03,4,4,4,444,Champions
CUST-1559,14,5,1320.45,5,4,4,544,Champions
CUST-1560,96,6,1578.51,2,4,4,244,At Risk / Slipping
CUST-1561,7,11,2941.28,5,5,5,555,Champions
CUST-1562,86,8,2144.06,2,5,5,255,At Risk / Slipping
CUST-1563,83,2,503.6,2,1,1,211,Hibernating / Lost
CUST-1564,74,6,2492.6800000000003,3,4,5,345,Loyal Customers
CUST-1565,41,4,765.1700000000001,4,3,2,432,Loyal Customers
CUST-1566,24,6,1925.47,4,4,5,445,Champions
CUST-1567,5,6,1532.33,5,4,4,544,Champions
CUST-1568,38,3,494.64,4,2,1,421,Recent/New Customers
CUST-1569,140,1,72.64,1,1,1,111,Hibernating / Lost
CUST-1570,96,4,1052.5500000000002,2,3,3,233,At Risk / Slipping
CUST-1571,17,3,518.8,5,2,1,521,Recent/New Customers
CUST-1572,241,1,675.45,1,1,2,112,Hibernating / Lost
CUST-1573,161,2,541.11,1,1,1,111,Hibernating / Lost
CUST-1574,18,5,693.47,5,4,2,542,Champions
CUST-1575,3,11,2682.06,5,5,5,555,Champions
CUST-1576,5,4,1203.42,5,3,4,534,Loyal Customers
CUST-1577,47,4,723.88,3,3,2,332,Loyal Customers
CUST-1578,81,5,582.47,2,4,2,242,At Risk / Slipping
CUST-1579,58,6,1746.42,3,4,5,345,Loyal Customers
CUST-1580,12,7,1234.79,5,5,4,554,Champions
CUST-1581,45,9,2004.67,3,5,5,355,Loyal Customers
CUST-1582,46,8,1671.24,3,5,5,355,Loyal Customers
CUST-1583,24,5,1704.34,4,4,5,445,Champions
CUST-1584,117,3,806.55,2,2,2,222,Hibernating / Lost
CUST-1585,62,1,34.89,3,1,1,311,Hibernating / Lost
CUST-1586,57,3,1368.79,3,2,4,324,Hibernating / Lost
CUST-1587,147,1,44.24,1,1,1,111,Hibernating / Lost
CUST-1588,28,2,232.97000000000003,4,1,1,411,Recent/New Customers
CUST-1589,222,3,490.93,1,2,1,121,Hibernating / Lost
CUST-1590,84,5,883.39,2,4,3,243,At Risk / Slipping
CUST-1591,51,8,3024.92,3,5,5,355,Loyal Customers
CUST-1592,26,6,1117.38,4,4,3,443,Champions
CUST-1593,15,8,1883.9099999999999,5,5,5,555,Champions
CUST-1594,106,5,1052.36,2,4,3,243,At Risk / Slipping
CUST-1595,35,3,618.65,4,2,2,422,Recent/New Customers
CUST-1596,23,7,2988.2799999999997,4,5,5,455,Champions
CUST-1597,14,1,144.18,5,1,1,511,Recent/New Customers
CUST-1598,27,4,1118.33,4,3,3,433,Loyal Customers
CUST-1599,94,4,667.0799999999999,2,3,2,232,At Risk / Slipping
CUST-1600,85,3,816.04,2,2,2,222,Hibernating / Lost
CUST-1601,100,4,1295.0500000000002,2,3,4,234,At Risk / Slipping
CUST-1602,174,3,670.87,1,2,2,122,Hibernating / Lost
CUST-1603,28,4,798.94,4,3,2,432,Loyal Customers
CUST-1604,63,1,132.45,3,1,1,311,Hibernating / Lost
CUST-1605,5,7,2165.75,5,5,5,555,Champions
CUST-1606,10,5,974.6,5,4,3,543,Champions
CUST-1607,341,1,212.42,1,1,1,111,Hibernating / Lost
CUST-1608,333,1,159.8,1,1,1,111,Hibernating / Lost
CUST-1609,90,3,872.12,2,2,3,223,Hibernating / Lost
CUST-1610,178,5,1345.13,1,4,4,144,At Risk / Slipping
CUST-1611,30,4,913.8799999999999,4,3,3,433,Loyal Customers
CUST-1612,87,3,628.51,2,2,2,222,Hibernating / Lost
CUST-1613,162,4,739.02,1,3,2,132,At Risk / Slipping
CUST-1614,78,2,296.48,2,1,1,211,Hibernating / Lost
CUST-1615,12,11,2357.06,5,5,5,555,Champions
CUST-1616,149,4,417.77,1,3,1,131,At Risk / Slipping
CUST-1617,58,5,1186.52,3,4,4,344,Loyal Customers
CUST-1618,15,5,1854.27,5,4,5,545,Champions
CUST-1619,81,5,1252.4699999999998,2,4,4,244,At Risk / Slipping
CUST-1620,12,5,1365.63,5,4,4,544,Champions
CUST-1621,198,3,424.99,1,2,1,121,Hibernating / Lost
CUST-1622,80,4,979.83,2,3,3,233,At Risk / Slipping
CUST-1623,28,2,916.76,4,1,3,413,Recent/New Customers
CUST-1624,134,5,1509.1999999999998,1,4,4,144,At Risk / Slipping
CUST-1625,12,4,924.76,5,3,3,533,Loyal Customers
CUST-1626,8,3,1239.44,5,2,4,524,Recent/New Customers
CUST-1627,51,8,1506.81,3,5,4,354,Loyal Customers
CUST-1628,42,7,1125.0500000000002,3,5,3,353,Loyal Customers
CUST-1629,58,3,1357.32,3,2,4,324,Hibernating / Lost
CUST-1630,75,3,328.5,2,2,1,221,Hibernating / Lost
CUST-1631,68,2,732.15,3,1,2,312,Hibernating / Lost
CUST-1632,124,4,771.12,1,3,2,132,At Risk / Slipping
CUST-1633,82,4,736.91,2,3,2,232,At Risk / Slipping
CUST-1634,102,6,993.89,2,4,3,243,At Risk / Slipping
CUST-1635,85,4,760.46,2,3,2,232,At Risk / Slipping
CUST-1636,176,6,1439.06,1,4,4,144,At Risk / Slipping
CUST-1637,21,6,936.4300000000001,4,4,3,443,Champions
CUST-1638,3,9,1842.81,5,5,5,555,Champions
CUST-1639,164,1,247.04,1,1,1,111,Hibernating / Lost
CUST-1640,149,3,702.54,1,2,2,122,Hibernating / Lost
CUST-1641,107,4,817.75,2,3,2,232,At Risk / Slipping
CUST-1642,10,4,1414.48,5,3,4,534,Loyal Customers
CUST-1643,97,5,850.5999999999999,2,4,3,243,At Risk / Slipping
CUST-1644,148,6,1045.34,1,4,3,143,At Risk / Slipping
CUST-1645,14,5,1416.06,5,4,4,544,Champions
CUST-1646,13,7,1823.6100000000001,5,5,5,555,Champions
CUST-1647,128,3,517.59,1,2,1,121,Hibernating / Lost
CUST-1648,18,5,880.4499999999999,5,4,3,543,Champions
CUST-1649,60,4,707.5,3,3,2,332,Loyal Customers
CUST-1650,58,5,804.95,3,4,2,342,Loyal Customers
CUST-1651,243,4,701.88,1,3,2,132,At Risk / Slipping
CUST-1652,80,3,588.56,2,2,2,222,Hibernating / Lost
CUST-1653,89,3,639.98,2,2,2,222,Hibernating / Lost
CUST-1654,1,9,2344.11,5,5,5,555,Champions
CUST-1655,50,5,858.95,3,4,3,343,Loyal Customers
CUST-1656,58,8,1598.0700000000002,3,5,4,354,Loyal Customers
CUST-1657,32,4,440.56,4,3,1,431,Loyal Customers
CUST-1658,62,6,1513.0800000000002,3,4,4,344,Loyal Customers
CUST-1659,284,2,1056.73,1,1,3,113,Hibernating / Lost
CUST-1660,5,5,576.15,5,4,2,542,Champions
CUST-1661,31,6,1282.81,4,4,4,444,Champions
CUST-1662,138,5,1271.6,1,4,4,144,At Risk / Slipping
CUST-1663,14,6,1794.5700000000002,5,4,5,545,Champions
CUST-1664,130,5,1025.49,1,4,3,143,At Risk / Slipping
CUST-1665,302,1,569.5,1,1,2,112,Hibernating / Lost
CUST-1666,33,4,532.03,4,3,1,431,Loyal Customers
CUST-1667,313,1,83.4,1,1,1,111,Hibernating / Lost
CUST-1668,144,2,465.12,1,1,1,111,Hibernating / Lost
CUST-1669,26,3,414.46999999999997,4,2,1,421,Recent/New Customers
CUST-1670,195,2,811.9499999999999,1,1,2,112,Hibernating / Lost
CUST-1671,49,5,1531.54,3,4,4,344,Loyal Customers
CUST-1672,49,7,1997.3400000000001,3,5,5,355,Loyal Customers
CUST-1673,57,8,2418.91,3,5,5,355,Loyal Customers
CUST-1674,12,3,375.94,5,2,1,521,Recent/New Customers
CUST-1675,15,7,2226.71,5,5,5,555,Champions
CUST-1676,58,7,1683.55,3,5,5,355,Loyal Customers
CUST-1677,20,3,1000.97,4,2,3,423,Recent/New Customers
CUST-1678,181,2,155.07,1,1,1,111,Hibernating / Lost
CUST-1679,46,5,1138.28,3,4,3,343,Loyal Customers
CUST-1680,6,3,254.39,5,2,1,521,Recent/New Customers
CUST-1681,43,4,1394.08,3,3,4,334,Loyal Customers
CUST-1682,3,7,1600.8799999999999,5,5,4,554,Champions
CUST-1683,84,3,837.75,2,2,2,222,Hibernating / Lost
CUST-1684,34,5,1710.57,4,4,5,445,Champions
CUST-1685,43,6,1245.83,3,4,4,344,Loyal Customers
CUST-1686,27,10,2746.27,4,5,5,455,Champions
CUST-1687,9,9,876.35,5,5,3,553,Champions
CUST-1688,34,4,382.54,4,3,1,431,Loyal Customers
CUST-1689,125,3,758.62,1,2,2,122,Hibernating / Lost
CUST-1690,86,3,992.1999999999999,2,2,3,223,Hibernating / Lost
CUST-1691,34,6,1753.71,4,4,5,445,Champions
CUST-1692,93,2,820.28,2,1,2,212,Hibernating / Lost
CUST-1693,33,6,1621.47,4,4,5,445,Champions
CUST-1694,30,6,1069.75,4,4,3,443,Champions
CUST-1695,54,4,1173.7,3,3,4,334,Loyal Customers
CUST-1696,33,6,1468.7,4,4,4,444,Champions
CUST-1697,67,5,872.12,3,4,3,343,Loyal Customers
CUST-1698,68,2,347.04,3,1,1,311,Hibernating / Lost
CUST-1699,34,5,1789.78,4,4,5,445,Champions
CUST-1700,7,2,365.68,5,1,1,511,Recent/New Customers
CUST-1701,14,3,968.68,5,2,3,523,Recent/New Customers
CUST-1702,40,4,591.25,4,3,2,432,Loyal Customers
CUST-1703,28,7,1518.22,4,5,4,454,Champions
CUST-1704,96,7,1502.87,2,5,4,254,At Risk / Slipping
CUST-1705,39,5,843.8100000000001,4,4,2,442,Champions
CUST-1706,61,3,323.01,3,2,1,321,Hibernating / Lost
CUST-1707,41,6,1263.01,4,4,4,444,Champions
CUST-1708,25,10,2135.84,4,5,5,455,Champions
CUST-1709,38,3,487.20000000000005,4,2,1,421,Recent/New Customers
CUST-1710,23,6,564.9399999999999,4,4,1,441,Champions
CUST-1711,211,1,407.76,1,1,1,111,Hibernating / Lost
CUST-1712,92,4,917.46,2,3,3,233,At Risk / Slipping
CUST-1713,23,6,2167.86,4,4,5,445,Champions
CUST-1714,3,4,1207.55,5,3,4,534,Loyal Customers
CUST-1715,17,11,2898.11,5,5,5,555,Champions
CUST-1716,251,2,534.59,1,1,1,111,Hibernating / Lost
CUST-1717,16,8,2019.3700000000001,5,5,5,555,Champions
CUST-1718,50,8,2661.66,3,5,5,355,Loyal Customers
CUST-1719,116,4,1256.4,2,3,4,234,At Risk / Slipping
CUST-1720,19,8,2309.56,4,5,5,455,Champions
CUST-1721,24,1,729.4,4,1,2,412,Recent/New Customers
CUST-1722,23,7,2011.73,4,5,5,455,Champions
CUST-1723,70,4,1666.7800000000002,3,3,5,335,Loyal Customers
CUST-1724,14,6,871.9899999999999,5,4,3,543,Champions
CUST-1725,12,5,1058.46,5,4,3,543,Champions
CUST-1726,15,5,868.87,5,4,3,543,Champions
CUST-1727,40,2,229.51999999999998,4,1,1,411,Recent/New Customers
CUST-1728,160,8,1786.8600000000001,1,5,5,155,At Risk / Slipping
CUST-1729,48,8,1853.9099999999999,3,5,5,355,Loyal Customers
CUST-1730,49,3,258.14,3,2,1,321,Hibernating / Lost
CUST-1731,42,12,3501.41,3,5,5,355,Loyal Customers
CUST-1732,62,3,676.47,3,2,2,322,Hibernating / Lost
CUST-1733,26,5,810.87,4,4,2,442,Champions
CUST-1734,108,4,943.2199999999999,2,3,3,233,At Risk / Slipping
CUST-1735,9,6,753.93,5,4,2,542,Champions
CUST-1736,34,5,974.74,4,4,3,443,Champions
CUST-1737,341,3,842.6600000000001,1,2,2,122,Hibernating / Lost
CUST-1738,6,8,1955.1,5,5,5,555,Champions
CUST-1739,182,1,399.15,1,1,1,111,Hibernating / Lost
CUST-1740,201,3,695.3199999999999,1,2,2,122,Hibernating / Lost
CUST-1741,24,3,602.1,4,2,2,422,Recent/New Customers
CUST-1742,278,4,1375.3500000000001,1,3,4,134,At Risk / Slipping
CUST-1743,19,5,910.39,4,4,3,443,Champions
CUST-1744,117,3,559.4200000000001,2,2,1,221,Hibernating / Lost
CUST-1745,87,6,758.89,2,4,2,242,At Risk / Slipping
CUST-1746,21,6,679.06,4,4,2,442,Champions
CUST-1747,256,1,311.05,1,1,1,111,Hibernating / Lost
CUST-1748,3,5,1302.69,5,4,4,544,Champions
CUST-1749,254,3,225.67000000000002,1,2,1,121,Hibernating / Lost
CUST-1750,59,1,268.35,3,1,1,311,Hibernating / Lost
CUST-1751,127,6,1263.83,1,4,4,144,At Risk / Slipping
CUST-1752,117,5,1250.38,2,4,4,244,At Risk / Slipping
CUST-1753,6,5,1330.72,5,4,4,544,Champions
CUST-1754,91,4,456.18,2,3,1,231,At Risk / Slipping
CUST-1755,49,6,664.9399999999999,3,4,2,342,Loyal Customers
CUST-1756,83,4,875.32,2,3,3,233,At Risk / Slipping
CUST-1757,49,5,749.45,3,4,2,342,Loyal Customers
CUST-1758,112,7,2085.57,2,5,5,255,At Risk / Slipping
CUST-1759,130,3,679.44,1,2,2,122,Hibernating / Lost
CUST-1760,55,6,893.19,3,4,3,343,Loyal Customers
CUST-1761,96,5,854.09,2,4,3,243,At Risk / Slipping
CUST-1762,41,4,659.8,4,3,2,432,Loyal Customers
CUST-1763,25,4,635.9300000000001,4,3,2,432,Loyal Customers
CUST-1764,37,6,519.58,4,4,1,441,Champions
CUST-1765,73,4,1101.3700000000001,3,3,3,333,Loyal Customers
CUST-1766,56,4,519.74,3,3,1,331,Loyal Customers
CUST-1767,5,5,630.38,5,4,2,542,Champions
CUST-1768,26,1,214.74,4,1,1,411,Recent/New Customers
CUST-1769,21,7,2303.54,4,5,5,455,Champions
CUST-1770,112,4,692.79,2,3,2,232,At Risk / Slipping
CUST-1771,106,3,751.27,2,2,2,222,Hibernating / Lost
CUST-1772,179,3,337.16,1,2,1,121,Hibernating / Lost
CUST-1773,120,3,416.18,2,2,1,221,Hibernating / Lost
CUST-1774,124,4,840.1800000000001,1,3,2,132,At Risk / Slipping
CUST-1775,90,5,1588.27,2,4,4,244,At Risk / Slipping
CUST-1776,98,3,273.12,2,2,1,221,Hibernating / Lost
CUST-1777,77,5,1276.8799999999999,2,4,4,244,At Risk / Slipping
CUST-1778,2,6,1410.15,5,4,4,544,Champions
CUST-1779,20,6,586.28,4,4,2,442,Champions
CUST-1780,144,7,1559.1200000000001,1,5,4,154,At Risk / Slipping
CUST-1781,19,1,274.68,4,1,1,411,Recent/New Customers
CUST-1782,132,4,467.94,1,3,1,131,At Risk / Slipping
CUST-1783,190,2,499.94,1,1,1,111,Hibernating / Lost
CUST-1784,82,8,1418.37,2,5,4,254,At Risk / Slipping
CUST-1785,29,8,1389.6200000000001,4,5,4,454,Champions
CUST-1786,41,4,870.04,4,3,3,433,Loyal Customers
CUST-1787,40,7,1375.8899999999999,4,5,4,454,Champions
CUST-1788,23,6,1005.71,4,4,3,443,Champions
CUST-1789,105,5,868.14,2,4,3,243,At Risk / Slipping
CUST-1790,30,1,435.51,4,1,1,411,Recent/New Customers
CUST-1791,31,7,1097.43,4,5,3,453,Champions
CUST-1792,11,2,504.78999999999996,5,1,1,511,Recent/New Customers
CUST-1793,5,3,826.45,5,2,2,522,Recent/New Customers
CUST-1794,61,3,160.19,3,2,1,321,Hibernating / Lost
CUST-1795,52,2,516.37,3,1,1,311,Hibernating / Lost
CUST-1796,73,6,869.07,3,4,3,343,Loyal Customers
CUST-1797,161,5,1008.8900000000001,1,4,3,143,At Risk / Slipping
CUST-1798,51,3,739.94,3,2,2,322,Hibernating / Lost
CUST-1799,67,2,335.71000000000004,3,1,1,311,Hibernating / Lost
CUST-1800,92,3,844.06,2,2,2,222,Hibernating / Lost
CUST-1801,55,3,446.92,3,2,1,321,Hibernating / Lost
CUST-1802,23,6,1746.97,4,4,5,445,Champions
CUST-1803,113,2,786.88,2,1,2,212,Hibernating / Lost
CUST-1804,119,3,895.51,2,2,3,223,Hibernating / Lost
CUST-1805,39,4,882.4499999999999,4,3,3,433,Loyal Customers
CUST-1806,83,3,333.18,2,2,1,221,Hibernating / Lost
CUST-1807,59,4,618.0,3,3,2,332,Loyal Customers
CUST-1808,109,5,1491.2,2,4,4,244,At Risk / Slipping
CUST-1809,17,4,1304.0,5,3,4,534,Loyal Customers
CUST-1810,120,4,931.16,2,3,3,233,At Risk / Slipping
CUST-1811,130,7,2375.94,1,5,5,155,At Risk / Slipping
CUST-1812,218,2,540.22,1,1,1,111,Hibernating / Lost
CUST-1813,25,6,1646.98,4,4,5,445,Champions
CUST-1814,277,1,116.28,1,1,1,111,Hibernating / Lost
CUST-1815,82,6,1531.56,2,4,4,244,At Risk / Slipping
CUST-1816,18,3,1162.65,5,2,3,523,Recent/New Customers
CUST-1817,9,5,845.8299999999999,5,4,2,542,Champions
CUST-1818,101,4,827.75,2,3,2,232,At Risk / Slipping
CUST-1819,3,5,1594.28,5,4,4,544,Champions
CUST-1820,139,4,1212.8400000000001,1,3,4,134,At Risk / Slipping
CUST-1821,75,6,1344.36,2,4,4,244,At Risk / Slipping
CUST-1822,17,6,1371.28,5,4,4,544,Champions
CUST-1823,61,6,1767.2799999999997,3,4,5,345,Loyal Customers
CUST-1824,81,7,1660.56,2,5,5,255,At Risk / Slipping
CUST-1825,56,4,855.8299999999999,3,3,3,333,Loyal Customers
CUST-1826,130,2,527.46,1,1,1,111,Hibernating / Lost
CUST-1827,183,2,911.0999999999999,1,1,3,113,Hibernating / Lost
CUST-1828,6,6,1585.6,5,4,4,544,Champions
CUST-1829,27,4,683.61,4,3,2,432,Loyal Customers
CUST-1830,137,5,1724.5500000000002,1,4,5,145,At Risk / Slipping
CUST-1831,24,2,608.27,4,1,2,412,Recent/New Customers
CUST-1832,12,8,1739.5700000000002,5,5,5,555,Champions
CUST-1833,11,8,2119.3599999999997,5,5,5,555,Champions
CUST-1834,39,4,1124.0,4,3,3,433,Loyal Customers
CUST-1835,148,5,848.5699999999999,1,4,2,142,At Risk / Slipping
CUST-1836,120,4,1241.0,2,3,4,234,At Risk / Slipping
CUST-1837,34,8,2977.25,4,5,5,455,Champions
CUST-1838,63,6,843.4,3,4,2,342,Loyal Customers
CUST-1839,15,7,2031.97,5,5,5,555,Champions
CUST-1840,37,4,337.51,4,3,1,431,Loyal Customers
CUST-1841,107,6,1025.29,2,4,3,243,At Risk / Slipping
CUST-1842,76,3,1244.59,2,2,4,224,Hibernating / Lost
CUST-1843,323,1,47.67,1,1,1,111,Hibernating / Lost
CUST-1844,13,4,979.5699999999999,5,3,3,533,Loyal Customers
CUST-1845,20,5,721.51,4,4,2,442,Champions
CUST-1846,23,6,728.64,4,4,2,442,Champions
CUST-1847,64,4,878.7099999999999,3,3,3,333,Loyal Customers
CUST-1848,22,4,728.0600000000001,4,3,2,432,Loyal Customers
CUST-1849,65,5,1537.3,3,4,4,344,Loyal Customers
CUST-1850,74,8,2416.7200000000003,3,5,5,355,Loyal Customers
CUST-1851,29,8,2118.12,4,5,5,455,Champions
CUST-1852,74,4,1146.0800000000002,3,3,3,333,Loyal Customers
CUST-1853,22,3,799.34,4,2,2,422,Recent/New Customers
CUST-1854,52,9,1838.49,3,5,5,355,Loyal Customers
CUST-1855,6,7,2276.33,5,5,5,555,Champions
CUST-1856,13,1,747.3,5,1,2,512,Recent/New Customers
CUST-1857,151,1,656.05,1,1,2,112,Hibernating / Lost
CUST-1858,97,4,1110.49,2,3,3,233,At Risk / Slipping
CUST-1859,28,6,1842.17,4,4,5,445,Champions
CUST-1860,186,3,810.01,1,2,2,122,Hibernating / Lost
CUST-1861,20,9,2031.31,4,5,5,455,Champions
CUST-1862,45,4,1034.49,3,3,3,333,Loyal Customers
CUST-1863,70,8,1939.04,3,5,5,355,Loyal Customers
CUST-1864,118,6,1633.8799999999999,2,4,5,245,At Risk / Slipping
CUST-1865,28,6,1245.83,4,5,4,454,Champions
CUST-1866,48,4,505.28999999999996,3,3,1,331,Loyal Customers
CUST-1867,292,3,697.9,1,2,2,122,Hibernating / Lost
CUST-1868,66,2,863.69,3,1,3,313,Hibernating / Lost
CUST-1869,69,5,1803.79,3,4,5,345,Loyal Customers
CUST-1870,325,1,551.04,1,1,1,111,Hibernating / Lost
CUST-1871,64,8,2432.32,3,5,5,355,Loyal Customers
CUST-1872,120,6,1551.63,2,5,4,254,At Risk / Slipping
CUST-1873,13,8,2712.15,5,5,5,555,Champions
CUST-1874,179,3,348.52,1,2,1,121,Hibernating / Lost
CUST-1875,156,1,67.67,1,1,1,111,Hibernating / Lost
CUST-1876,16,5,1297.63,5,4,4,544,Champions
CUST-1877,22,5,1129.81,4,4,3,443,Champions
CUST-1878,71,9,2183.14,3,5,5,355,Loyal Customers
CUST-1879,51,7,1879.73,3,5,5,355,Loyal Customers
CUST-1880,188,4,1259.04,1,3,4,134,At Risk / Slipping
CUST-1881,148,3,728.21,1,2,2,122,Hibernating / Lost
CUST-1882,117,5,1212.69,2,4,4,244,At Risk / Slipping
CUST-1883,72,8,2410.63,3,5,5,355,Loyal Customers
CUST-1884,146,2,425.6,1,1,1,111,Hibernating / Lost
CUST-1885,42,5,395.95,3,4,1,341,Loyal Customers
CUST-1886,62,4,1473.37,3,3,4,334,Loyal Customers
CUST-1887,346,1,106.38,1,1,1,111,Hibernating / Lost
CUST-1888,22,4,1552.56,4,3,4,434,Loyal Customers
CUST-1889,7,7,1694.1200000000001,5,5,5,555,Champions
CUST-1890,232,2,354.06,1,1,1,111,Hibernating / Lost
CUST-1891,6,1,113.94,5,1,1,511,Recent/New Customers
CUST-1892,15,6,1553.26,5,5,4,554,Champions
CUST-1893,4,4,504.36,5,3,1,531,Loyal Customers
CUST-1894,4,9,1952.36,5,5,5,555,Champions
CUST-1895,143,10,1590.6000000000001,1,5,4,154,At Risk / Slipping
CUST-1896,75,2,418.41999999999996,2,1,1,211,Hibernating / Lost
CUST-1897,96,4,933.74,2,3,3,233,At Risk / Slipping
CUST-1898,4,5,1638.29,5,4,5,545,Champions
CUST-1899,3,4,521.36,5,3,1,531,Loyal Customers
CUST-1900,15,3,916.22,5,2,3,523,Recent/New Customers
CUST-1901,125,4,909.0500000000001,1,3,3,133,At Risk / Slipping
CUST-1902,180,6,1161.56,1,5,3,153,At Risk / Slipping
CUST-1903,20,3,372.03000000000003,4,2,1,421,Recent/New Customers
CUST-1904,25,4,624.24,4,3,2,432,Loyal Customers
CUST-1905,45,7,1432.63,3,5,4,354,Loyal Customers
CUST-1906,35,5,1218.59,4,4,4,444,Champions
CUST-1907,1,3,757.03,5,2,2,522,Recent/New Customers
CUST-1908,128,6,1258.79,1,5,4,154,At Risk / Slipping
CUST-1909,16,3,1112.5300000000002,5,2,3,523,Recent/New Customers
CUST-1910,162,2,246.0,1,1,1,111,Hibernating / Lost
CUST-1911,46,11,2883.74,3,5,5,355,Loyal Customers
CUST-1912,17,5,1242.35,5,4,4,544,Champions
CUST-1913,179,3,514.65,1,2,1,121,Hibernating / Lost
CUST-1914,17,7,1457.12,5,5,4,554,Champions
CUST-1915,48,3,575.72,3,2,2,322,Hibernating / Lost
CUST-1916,33,10,2212.78,4,5,5,455,Champions
CUST-1917,360,1,293.26,1,1,1,111,Hibernating / Lost
CUST-1918,29,5,606.5,4,4,2,442,Champions
CUST-1919,104,4,1060.1799999999998,2,3,3,233,At Risk / Slipping
CUST-1920,139,7,1888.71,1,5,5,155,At Risk / Slipping
CUST-1921,67,5,1577.79,3,4,4,344,Loyal Customers
CUST-1922,30,4,820.62,4,3,2,432,Loyal Customers
CUST-1923,39,7,1123.42,4,5,3,453,Champions
CUST-1924,25,6,1292.01,4,5,4,454,Champions
CUST-1925,67,5,1608.29,3,4,4,344,Loyal Customers
CUST-1926,71,2,536.22,3,1,1,311,Hibernating / Lost
CUST-1927,260,4,1529.3700000000001,1,3,4,134,At Risk / Slipping
CUST-1928,316,2,261.41,1,1,1,111,Hibernating / Lost
CUST-1929,58,9,2050.28,3,5,5,355,Loyal Customers
CUST-1930,56,6,600.99,3,5,2,352,Loyal Customers
CUST-1931,117,2,341.01,2,1,1,211,Hibernating / Lost
CUST-1932,254,3,1479.0600000000002,1,2,4,124,Hibernating / Lost
CUST-1933,71,5,1032.8799999999999,3,4,3,343,Loyal Customers
CUST-1934,55,4,817.8000000000001,3,3,2,332,Loyal Customers
CUST-1935,94,2,1000.1700000000001,2,1,3,213,Hibernating / Lost
CUST-1936,145,5,1594.3,1,4,4,144,At Risk / Slipping
CUST-1937,198,3,955.6,1,2,3,123,Hibernating / Lost
CUST-1938,117,4,575.16,2,3,2,232,At Risk / Slipping
CUST-1939,77,4,1024.31,2,3,3,233,At Risk / Slipping
CUST-1940,137,2,59.22,1,1,1,111,Hibernating / Lost
CUST-1941,93,4,822.4300000000001,2,3,2,232,At Risk / Slipping
CUST-1942,80,2,403.4,2,1,1,211,Hibernating / Lost
CUST-1943,26,5,1706.4699999999998,4,4,5,445,Champions
CUST-1944,35,6,967.9300000000001,4,5,3,453,Champions
CUST-1945,241,3,1000.4300000000001,1,2,3,123,Hibernating / Lost
CUST-1946,139,6,1343.78,1,5,4,154,At Risk / Slipping
CUST-1947,32,3,335.19,4,2,1,421,Recent/New Customers
CUST-1948,124,6,1422.21,1,5,4,154,At Risk / Slipping
CUST-1949,116,2,311.6,2,1,1,211,Hibernating / Lost
CUST-1950,116,6,2046.83,2,5,5,255,At Risk / Slipping
CUST-1951,84,5,683.48,2,4,2,242,At Risk / Slipping
CUST-1952,197,4,937.67,1,3,3,133,At Risk / Slipping
CUST-1953,34,9,2342.51,4,5,5,455,Champions
CUST-1954,47,7,1631.62,3,5,5,355,Loyal Customers
CUST-1955,90,7,1641.1200000000001,2,5,5,255,At Risk / Slipping
CUST-1956,69,10,2463.87,3,5,5,355,Loyal Customers
CUST-1957,30,7,1589.4199999999998,4,5,4,454,Champions
CUST-1958,71,6,1425.19,3,5,4,354,Loyal Customers
CUST-1959,26,2,80.7,4,1,1,411,Recent/New Customers
CUST-1960,54,6,1267.26,3,5,4,354,Loyal Customers
CUST-1961,81,5,1207.6399999999999,2,4,4,244,At Risk / Slipping
CUST-1962,4,6,2088.79,5,5,5,555,Champions
CUST-1963,341,1,29.75,1,1,1,111,Hibernating / Lost
CUST-1964,85,5,681.81,2,4,2,242,At Risk / Slipping
CUST-1965,21,3,891.02,4,2,3,423,Recent/New Customers
CUST-1966,207,3,378.87,1,2,1,121,Hibernating / Lost
CUST-1967,80,4,1138.56,2,3,3,233,At Risk / Slipping
CUST-1968,99,4,1823.6399999999999,2,3,5,235,At Risk / Slipping
CUST-1969,9,3,585.42,5,2,2,522,Recent/New Customers
CUST-1970,91,4,601.19,2,3,2,232,At Risk / Slipping
CUST-1971,113,3,794.97,2,2,2,222,Hibernating / Lost
CUST-1972,31,4,1185.3899999999999,4,3,4,434,Loyal Customers
CUST-1973,105,7,1641.01,2,5,5,255,At Risk / Slipping
CUST-1974,17,2,102.94,5,1,1,511,Recent/New Customers
CUST-1975,4,5,1326.49,5,4,4,544,Champions
CUST-1976,5,6,938.71,5,5,3,553,Champions
CUST-1977,178,2,772.6500000000001,1,1,2,112,Hibernating / Lost
CUST-1978,54,10,1290.06,3,5,4,354,Loyal Customers
CUST-1979,40,5,314.87,4,4,1,441,Champions
CUST-1980,165,1,275.36,1,1,1,111,Hibernating / Lost
CUST-1981,102,7,2215.88,2,5,5,255,At Risk / Slipping
CUST-1982,18,3,207.85999999999999,5,2,1,521,Recent/New Customers
CUST-1983,150,4,368.09,1,3,1,131,At Risk / Slipping
CUST-1984,31,6,787.86,4,5,2,452,Champions
CUST-1985,160,5,826.78,1,4,2,142,At Risk / Slipping
CUST-1986,21,3,988.3599999999999,4,2,3,423,Recent/New Customers
CUST-1987,99,7,2137.69,2,5,5,255,At Risk / Slipping
CUST-1989,37,4,999.84,4,3,3,433,Loyal Customers
CUST-1990,79,2,240.85,2,1,1,211,Hibernating / Lost
CUST-1991,164,4,828.5999999999999,1,3,2,132,At Risk / Slipping
CUST-1992,62,7,750.99,3,5,2,352,Loyal Customers
CUST-1993,144,3,971.31,1,2,3,123,Hibernating / Lost
CUST-1994,45,5,1924.7199999999998,3,4,5,345,Loyal Customers
CUST-1995,44,4,426.15,3,3,1,331,Loyal Customers
CUST-1996,141,4,328.99,1,3,1,131,At Risk / Slipping
CUST-1997,6,6,1189.53,5,5,4,554,Champions
CUST-1998,51,9,1725.37,3,5,5,355,Loyal Customers
CUST-1999,2,4,1037.74,5,3,3,533,Loyal Customers
